{"epoch id": 5, "epochs": 5, "LR": 0.001, "_timestamp": 1708330612.214504, "_runtime": 330.57903003692627, "_step": 9, "losses.avg": 0.7351738850402832, "top1.avg": 79.78, "top5.avg": 98.666}