{"epoch id": 1, "epochs": 200, "_timestamp": 1708063524.943202, "_runtime": 5.720221042633057, "_step": 0, "_wandb": {"runtime": 2739}}