{"epoch id": 5, "epochs": 5, "LR": 0.001, "_timestamp": 1708305693.134763, "_runtime": 565.9669890403748, "_step": 9, "losses.avg": 0.7369479053497314, "top1.avg": 79.976, "top5.avg": 98.672}