{"train_acc1": 99.98, "train_acc5": 99.99, "test_acc1": 78.41, "test_acc5": 97.08, "_timestamp": 1708423486.967675, "_runtime": 8946.033622026443, "_step": 137, "collapse_metric": 0.054858827590942384, "ETF_metric": 8.624670755352781e-08, "WH_relation_metric": 0.07241881638765335, "Wh_b_relation_metric": 0.6081541776657104, "nearest neighbor: train_acc1": 99.984, "nearest neighbor: train_acc5": 99.988, "nearest neighbor: test_acc1": 78.57, "nearest neighbor: test_acc5": 96.14}