{"losses.avg": 6.442221164703369, "top1.avg": 40.625, "top5.avg": 62.01171875, "_timestamp": 1706078149.707529, "_runtime": 521.248407125473, "_step": 0, "_wandb": {"runtime": 222}}