{"losses.avg": 4.068952052459717, "top1.avg": 74.85600003173828, "top5.avg": 91.12999993652343, "_timestamp": 1707712075.7518778, "_runtime": 565.9691848754883, "_step": 0}