{"epoch id": 5, "epochs": 5, "LR": 0.001, "_timestamp": 1708304404.892477, "_runtime": 327.70016598701477, "_step": 9, "losses.avg": 0.7415405076980591, "top1.avg": 79.216, "top5.avg": 98.658}