{"losses.avg": 1.3936663240242004, "top1.avg": 52.786, "top5.avg": 92.28, "_timestamp": 1707711215.501568, "_runtime": 70.48193216323853, "_step": 0}