{"epoch id": 200, "epochs": 200, "LR": 1.0000000000000002e-07, "_timestamp": 1708352516.4444249, "_runtime": 13011.831524848938, "_step": 403, "losses.avg": 0.0026828152986615897, "top1.avg": 99.99, "top5.avg": 99.998, "train_acc1": 69.078, "train_acc5": 97.054, "test_acc1": 65.97, "test_acc5": 96.22, "collapse_metric": 1.3701645851135253, "ETF_metric": 8.624670755352781e-08, "WH_relation_metric": 0.5205488801002502, "Wh_b_relation_metric": 0.9754604697227478}