{"train_acc1": 91.584, "train_acc5": 99.74, "test_acc1": 75.43, "test_acc5": 97.82, "_timestamp": 1708414324.2329118, "_runtime": 5082.507402896881, "_step": 38, "collapse_metric": 0.3230781316757202, "ETF_metric": 8.624670755352781e-08, "WH_relation_metric": 0.3589400351047516, "Wh_b_relation_metric": 0.5823443531990051, "nearest neighbor: train_acc1": 90.284, "nearest neighbor: train_acc5": 99.646, "nearest neighbor: test_acc1": 0.17, "nearest neighbor: test_acc5": 2.18}