{"train_acc1": 99.982, "train_acc5": 99.994, "test_acc1": 78.03, "test_acc5": 97.07, "_timestamp": 1708488740.431251, "_runtime": 9428.037516117096, "_step": 143, "collapse_metric": 0.04981425702571869, "ETF_metric": 8.624670755352781e-08, "WH_relation_metric": 0.0681617334485054, "Wh_b_relation_metric": 0.5281651020050049, "nearest neighbor: train_acc1": 99.98, "nearest neighbor: train_acc5": 99.992, "nearest neighbor: test_acc1": 78.12, "nearest neighbor: test_acc5": 96.02}