{"epoch id": 1, "epochs": 1, "LR": 0.001, "_timestamp": 1708331252.110028, "_runtime": 208.27783513069153, "_step": 3, "losses.avg": 1.386540969467163, "top1.avg": 53.424, "top5.avg": 92.374, "train_acc1": 63.476, "train_acc5": 95.926, "test_acc1": 61.26, "test_acc5": 95.95, "collapse_metric": 2.0135976791381838, "ETF_metric": 8.624670755352781e-08, "WH_relation_metric": 0.6250351667404175, "Wh_b_relation_metric": 0.5924656391143799, "_wandb": {"runtime": 207}}