{"losses.avg": 1.5789156553392159, "top1.avg": 46.80683122847302, "top5.avg": 89.88949483352468, "_timestamp": 1707710657.94278, "_runtime": 49.61612296104431, "_step": 870, "_wandb": {"runtime": 70}}