{"losses.avg": 2.5452534580230712, "top1.avg": 42.468, "top5.avg": 89.774, "_timestamp": 1707447685.6634262, "_runtime": 206.7876250743866, "_step": 0}