{"losses.avg": 3.4719659198414194, "top1.avg": 89.5596590909091, "top5.avg": 98.74822443181819, "_timestamp": 1706078383.297025, "_runtime": 139.17294192314148, "_step": 1}