{"losses.avg": 1.4733710258483887, "top1.avg": 55.952, "top5.avg": 94.382, "_timestamp": 1707447210.029453, "_runtime": 416.537171125412, "_step": 1, "_wandb": {"runtime": 587}}