{"epoch id": 5, "epochs": 5, "LR": 0.001, "_timestamp": 1708303307.19756, "_runtime": 326.711452960968, "_step": 9, "losses.avg": 0.743238151512146, "top1.avg": 79.412, "top5.avg": 98.646}